restaurant_id,name,url,platform,active,pdf_url_pattern,notes
node/1643071554,2h+k,,,FALSE,,
node/4207050018,4 vuodenaikaa,,,FALSE,,
node/935202969,8Baari,,,FALSE,,
node/1017200989,ABC Lahdesjärvi Tampere,,,FALSE,,
node/13104340009,Abu Fuad Kebab,,,FALSE,,
node/11659822616,Afgan,,,FALSE,,
node/5281834370,Ainoya,,,FALSE,,
way/1424287113,Aitoleipä,,,FALSE,,
node/11752715529,Aitoleipä Kaukajärvi,,,FALSE,,
node/4209238204,Aitoleipä Pyynikki,,,FALSE,,
node/9870504513,Alanya Pizza & Cafe,,,FALSE,,
node/867611848,Aloha Ramen,,,FALSE,,
node/3385995400,Amarillo,,,FALSE,,
way/1547954697,Amarillo Ilves,,,FALSE,,
node/415909049,American Diner,,,FALSE,,
node/4254257362,Amica Tulli Business Park,,,FALSE,,
node/12103736927,Amin Herkku,,,FALSE,,
node/679209974,Amurin Helmi,,,FALSE,,
node/12103736932,An Nam,,,FALSE,,
way/140300771,Annalan Pizza & Kebab,,,FALSE,,
node/8788595760,Antell Hermian Farmi,,,FALSE,,
node/1419013326,Antika,,,FALSE,,
node/5285375990,Arnold's,,,FALSE,,
node/9715828869,Arnolds,,,FALSE,,
way/1424287114,Aseman Kahvila,,,FALSE,,
node/13033740212,Atmos Brewing & Taproom,,,FALSE,,
node/12338892794,BAB pizza,,,FALSE,,
node/5285375989,Baba's Kitchen,,,FALSE,,
node/535977187,Babiloni,,,FALSE,,
node/12626502593,Baglung Durbar,,,FALSE,,
node/5281834371,Bakery Café Puusti,,,FALSE,,
node/11599152579,Bar & Cafe Lategame,,,FALSE,,
node/7756242920,Bawan Pizzeria,,,FALSE,,
way/1424287116,Bento Ya!,,,FALSE,,
node/5990322687,Bianco,,,FALSE,,
node/9081775256,Biáng!,,,FALSE,,
node/11339343940,Bistro & Cafe Salho,,,FALSE,,
node/3386168712,Bistro C,,,FALSE,,
node/12521258977,Bistro DinDín,,,FALSE,,
node/12076560122,Bistro Papu ja Pata,,,FALSE,,
node/534070277,Bistro Venla,,,FALSE,,
node/559439547,Bistro Vilja,,,FALSE,,
node/13660569470,Blinland,,,FALSE,,
node/13169602701,Bollywood Spice,,,FALSE,,
node/4805625521,Boneless,,,FALSE,,
node/5772269980,Borneo,,,FALSE,,
node/2432261370,Borneo Mamak,,,FALSE,,
node/5285375991,Brander,,,FALSE,,
node/693268340,Broor,,,FALSE,,
node/11827057245,Buffet SISU,,,FALSE,,
node/3149657622,Burger King,,,FALSE,,
node/6003270956,Burger King,,,FALSE,,
node/6080462706,Burger King,,,FALSE,,
node/13987584529,Burgers,,,FALSE,,
node/4805634722,Bär Bar,,,FALSE,,
node/2622793631,C Sushi,,,FALSE,,
node/5345651932,Cafe & Bakery Mimosa,,,FALSE,,
node/13118937992,Café Alakuppila,,,FALSE,,
node/11207122518,Café Atomi,,,FALSE,,
node/1511599948,Café Bitti,,,FALSE,,
node/12812251647,Cafe Kaisuli,,,FALSE,,
node/6468825286,Cafe Kartano,,,FALSE,,
node/1511599936,Café Konehuone,,,FALSE,,
"node/9151174957,Café Linkosuo Ratina,https://linkosuo.fi/toimipaikka/cafe-linkosuo-ratina/,linkosuo,TRUE,,""Linkosuon oma jarjestelma, ei PDF-reittia - taytetaan vain url-sarake"""
node/12077215816,Café Luotsi,,,FALSE,,
node/13112600327,Cafe Metso,,,FALSE,,
node/13474227411,Café Metsonkulma,,,FALSE,,
node/9943019325,Café Milavida,,,FALSE,,
node/13993496655,Cafe Nöösi,,,FALSE,,
node/9167456121,Café Olive,,,FALSE,,
way/161919283,Cafe Pispala,,,FALSE,,
node/1444854261,Café Sara,,,FALSE,,
node/12103736929,Café Tilkka,,,FALSE,,
node/7296845914,Caffetta,,,FALSE,,
node/8582357823,Caffitella,,,FALSE,,
node/12174634039,Caffitella Bakery shop,,,FALSE,,
node/872093166,Cake House Café,,,FALSE,,
node/12635225760,Campusravita,,,FALSE,,
node/9034456176,Chitir Chicken,,,FALSE,,
node/3988472886,Classic Pizza,,,FALSE,,
node/896600877,Coffee House,,,FALSE,,
node/291211460,Coussicca,,,FALSE,,
node/12103736935,Curry 510,,,FALSE,,
"node/13514251331,""Curry Spot, Piccante Ristorante"",,,FALSE,,"
node/5281834373,Dabbal,,,FALSE,,
node/11976221189,Daiwo Sushi,,,FALSE,,
node/10250015339,Dam Bar,,,FALSE,,
node/12055873689,Delhi House,,,FALSE,,
node/2857478984,Dewon Fried Chicken,,,FALSE,,
node/4383621990,Dining 26,,,FALSE,,
node/10120007638,Don Franco Trattoria,,,FALSE,,
node/13515662152,Downtown Bar & Kitchen,,,FALSE,,
node/5775523357,Dust & Fry,,,FALSE,,
node/12076560121,Eclair paikka,,,FALSE,,
node/13534887354,Edun Herkkukeidas,,,FALSE,,
node/9846018494,Eflatun,,,FALSE,,
node/10015492151,Espresso House,,,FALSE,,
node/10250582162,Espresso House,,,FALSE,,
node/13200013981,Espresso House,,,FALSE,,
node/9135362206,Etelän Kebab House,,,FALSE,,
node/13104340014,Eventum,,,FALSE,,
node/1835267060,Faasai,,,FALSE,,
node/12951441152,Faasai,,,FALSE,,
node/13712026875,Faasai,,,FALSE,,
node/13532148803,Faasai Thairavintola,,,FALSE,,
node/11922079961,Fafa's,,,FALSE,,
node/9534382976,Falafel 5/5,,,FALSE,,
node/3825159496,Fazer Café Tampere,,,FALSE,,
node/611053255,Finlaysonin Palatsi,,,FALSE,,
node/8951335506,Fire Wok,,,FALSE,,
node/4805656521,Fitwok,,,FALSE,,
node/12632124418,FLIP Vegan Pizza,,,FALSE,,
node/4031578589,Friends & Brgrs,,,FALSE,,
node/13104340002,Friends & Brgrs,,,FALSE,,
node/13104340003,Friends & Brgrs,,,FALSE,,
node/13104340016,Friends & Brgrs,,,FALSE,,
node/8895501230,Fujimi,,,FALSE,,
node/12089728946,Funky Woo Asian Street Food & Bar,,,FALSE,,
node/572025330,Galata Kebab House,,,FALSE,,
node/8998286553,Gate of India,,,FALSE,,
node/849122996,Gelateria Italiano,,,FALSE,,
node/570087989,Go Go Pizza,,,FALSE,,
node/9034456167,Golden India,,,FALSE,,
node/12168495697,Green Hippo,,,FALSE,,
node/3386013632,Grill it!,,,FALSE,,
node/1234675225,Grillikahvio Hyrysysy,,,FALSE,,
node/1411258681,Gringos Locos,,,FALSE,,
node/317090808,Groove Bar,,,FALSE,,
node/7160806462,Guru's Kitchen,,,FALSE,,
node/7948408154,Haiharan kahvikamari,,,FALSE,,
way/183197632,Haikan Grilli,,,FALSE,,
node/893752788,Hakasen leipomo,,,FALSE,,
node/317090806,Hallilan Pizzeria,,,FALSE,,
node/11642102469,Hamptown Burger,,,FALSE,,
node/8705216866,Hanko Aasia,,,FALSE,,
node/13524099499,Hao Kitchen,,,FALSE,,
node/244139492,Harald,,,FALSE,,
node/13042942362,Helmi Izakaya,,,FALSE,,
node/4813171396,HelmiSimpukka Tampere Lahdenperänkatu,,,FALSE,,
node/11893471589,Henkilöstöravintola Saila Tuomi,,,FALSE,,
node/999103908,Henriks,,,FALSE,,
node/13994463393,Hervannan jäähallikahvio,,,FALSE,,
node/1516716934,Herwood Torigrilli,,,FALSE,,
node/293112072,Hesburger,,,FALSE,,
node/293392829,Hesburger,,,FALSE,,
node/293393367,Hesburger,,,FALSE,,
node/293393584,Hesburger,,,FALSE,,
node/293394189,Hesburger,,,FALSE,,
node/519834364,Hesburger,,,FALSE,,
node/821346889,Hesburger,,,FALSE,,
node/1949534875,Hesburger,,,FALSE,,
node/4585826495,Hesburger,,,FALSE,,
node/6550852636,Hesburger,,,FALSE,,
node/9861810788,Hesburger,,,FALSE,,
node/12754410636,Hesburger,,,FALSE,,
node/12994423738,Hesburger,,,FALSE,,
way/87950048,Hesburger,,,FALSE,,
way/91086524,Hesburger,,,FALSE,,
way/98623676,Hesburger,,,FALSE,,
node/7846436226,Hoax,,,FALSE,,
node/3988483412,Holiday Club kesäkahvila,,,FALSE,,
node/1411258684,Hook Tampere,,,FALSE,,
node/13104340011,Hook Wings,,,FALSE,,
node/9838293833,Huili,,,FALSE,,
node/13935504968,Huili,,,FALSE,,
node/2138481074,Hullu Poro,,,FALSE,,
node/4333624190,Hurtan Harttara & Tötterö,,,FALSE,,
node/14106943013,Huuva,,,FALSE,,
node/12103736923,Hyunh Vietnamilainen Keittiö,,,FALSE,,
node/9135406849,Hämpin Pizzeria,,,FALSE,,
node/6111330295,Härlem,,,FALSE,,
node/9591719199,IKEA Restaurant,,,FALSE,,
node/1094440042,Il Posto Hervanta,,,FALSE,,
node/11708092434,Ilopilleri,,,FALSE,,
node/2123207147,Inez Tapas Bar Sidreria,,,FALSE,,
node/13514214607,Iskif Restaurant & Cafe,,,FALSE,,
node/10971790419,Itsudemo,,,FALSE,,
node/12544253841,Itsudemo,,,FALSE,,
node/13516487679,Itsudemo sushibar Kaleva,,,FALSE,,
node/13341037993,Itsuyaki,,,FALSE,,
node/11998916697,Itsuyaki Tampere,,,FALSE,,
node/13514153844,Jalla Jalla,,,FALSE,,
node/893744457,Jankan vanha grilli,,,FALSE,,
node/14089390232,JJ's BBQ,,,FALSE,,
node/6170154387,Ju Xin Sushi,,,FALSE,,
node/11922079963,Jungle Juice Bar,,,FALSE,,
way/1424287117,Jungle Juice Bar,,,FALSE,,
node/2631622294,Juvan Grilli,,,FALSE,,
node/3860543539,Juvenes Attila,,,FALSE,,
node/6004779007,Juvenes Café Lea,,,FALSE,,
node/6293983811,Juvenes Frenckell,,,FALSE,,
node/6004779006,Juvenes Ravintola Arvo,,,FALSE,,
node/11964106642,Juvenes YO Ravintola,,,FALSE,,
node/2556161444,Jäätelökioski,,,FALSE,,
node/850325856,Kaffila,,,FALSE,,
node/10779372655,Kahvibaari Kokko,,,FALSE,,
node/12103736924,Kahvikeidas,,,FALSE,,
node/10087202869,Kahvila Arboretum,,,FALSE,,
node/11750436893,Kahvila Elonen,,,FALSE,,
way/360999201,Kahvila Epilä,,,FALSE,,
node/13516487678,Kahvila Kaleva,,,FALSE,,
node/12977018448,Kahvila Leena,,,FALSE,,
node/14001718642,Kahvila Lempi,,,FALSE,,
node/885724039,Kahvila Munkkis,,,FALSE,,
node/533711728,Kahvila Runo,,,FALSE,,
way/173985295,Kahvila Seela,,,FALSE,,
node/610920410,Kahvila-Konditoria Mari,,,FALSE,,
node/13997708795,Kahvila-ravintola Viistokatu,,,FALSE,,
node/4805664822,Kahvisalonki,,,FALSE,,
node/11746794051,Kahvisalonki,,,FALSE,,
node/6654849886,Kajo,,,FALSE,,
node/7296808346,Kalakokit,,,FALSE,,
node/12103736931,Kalakuninkaat,,,FALSE,,
node/646615979,Kalevan Hertta,,,FALSE,,
node/1165447958,Kalevan Pizzeria,,,FALSE,,
node/846469862,Karalis,,,FALSE,,
node/601106012,Kasvisravintola Gopal,,,FALSE,,
node/13075836285,Kattopuutarha,,,FALSE,,
node/11434681711,Kauppahallin kotilounas,,,FALSE,,
node/845677335,Kebab Pizza City,,,FALSE,,
way/87405363,Kebab-Pizza Heval,,,FALSE,,
node/4306074475,Keskussairaalan Ravintola Puhti,,,FALSE,,
way/1031456038,Kesä Popup Ranta,,,FALSE,,
node/11931504840,Kesäheila,,,FALSE,,
node/11975084054,Kesäkahvila,,,FALSE,,
way/110267278,Kesäkahvila Helmannila,,,FALSE,,
node/679204834,Kiinan Tähti,,,FALSE,,
node/13534887353,Kim's Bap,,,FALSE,,
node/9845976385,King Gyros,,,FALSE,,
node/8013629206,Kissakahvila Purnauskis,,,FALSE,,
node/13917042301,Kivikirkon kahvikioski,,,FALSE,,
way/116297961,Konsulintalo,,,FALSE,,
way/1431401950,Konttikahvila | Härmälänsaaren satama,,,FALSE,,
node/11874217164,Kontukeittiö Hervanta,,,FALSE,,
node/4803790621,Koskilinnan kahvikauppa,,,FALSE,,
node/2147410107,Kotileipomo Ruskolainen,,,FALSE,,
node/852055761,Kotipizza,,,FALSE,,
node/865581177,Kotipizza,,,FALSE,,
node/880559075,Kotipizza,,,FALSE,,
node/896600381,Kotipizza,,,FALSE,,
node/903636726,Kotipizza,,,FALSE,,
node/903654785,Kotipizza,,,FALSE,,
node/1759058774,Kotipizza,,,FALSE,,
node/1832785463,Kotipizza,,,FALSE,,
node/3753927568,Kotipizza,,,FALSE,,
node/8318447918,Kotipizza,,,FALSE,,
node/8419716418,Kotipizza,,,FALSE,,
node/13341037995,Kotipizza,,,FALSE,,
node/13532148802,Kotipizza,,,FALSE,,
way/154151366,Kotipizza,,,FALSE,,
node/490663984,Koto Asian Cuisine,,,FALSE,,
node/957182381,Kuikka Kafe,,,FALSE,,
node/610920382,Kulman Grilli ja Elintarvike,,,FALSE,,
node/13059361551,Kumma Bar & Street Kitchen,,,FALSE,,
node/9792346039,Kunkun lounaskahvila,,,FALSE,,
node/4805673123,Kuparitalon Vohvelikahvila,,,FALSE,,
node/5698752821,La Toore Pizzeria,,,FALSE,,
way/1240470286,Laelta,,,FALSE,,
way/986633221,Laivaravintola Suvi,,,FALSE,,
node/9688053762,Lapintie Kebab Pizzeria,,,FALSE,,
node/4383611796,Lautapelikahvila Taverna,,,FALSE,,
node/13108585102,Leaf Sushi,,,FALSE,,
node/1291620861,Leipomo Munkkimiehet,,,FALSE,,
node/6004779074,Lempi Pizza-Kebab,,,FALSE,,
node/4412682189,Lie Mi,,,FALSE,,
node/8155820728,Lillan Kahvila,,,FALSE,,
"node/1223169728,Linkosuo Lounasravintola Kalevanpaasi,https://linkosuo.fi/toimipaikka/kalevanpaasi/,linkosuo,TRUE,,""Linkosuon oma jarjestelma, ei PDF-reittia - taytetaan vain url-sarake"""
node/12515758877,Los Pollos Bar & Grill,,,FALSE,,
node/13515562936,Lounas- ja tilausravintola Koski,,,FALSE,,
node/34061635,Lounas-kahvila Kalaasi,,,FALSE,,
node/2489103942,Lounaskahvila Pinnin Helmi,,,FALSE,,
node/3753927382,Lounaskahvila Pörriäiset,,,FALSE,,
node/2555997225,Lounaskahvila-konditoria Mainio,,,FALSE,,
node/2894874653,Lounasravintola Marinara,,,FALSE,,
"node/10804964613,Lounasravintola Orvokki,https://linkosuo.fi/toimipaikka/lounasravintola-orvokki/,linkosuo,TRUE,,""Linkosuon oma jarjestelma, ei PDF-reittia - taytetaan vain url-sarake"""
node/11893649996,Lounasravintola Sun Namaste,,,FALSE,,
node/418597740,Love Coffee,,,FALSE,,
node/9715828871,Luckiefun's,,,FALSE,,
node/14170679391,Lucky Star,,,FALSE,,
way/975363610,Lukonmäen Grillikioski,,,FALSE,,
node/13104330899,Löfbergs & Pingviini,,,FALSE,,
node/13255560631,Maira,,,FALSE,,
node/14091528394,Makutuote,,,FALSE,,
node/888650333,Malabadi,,,FALSE,,
node/13104340013,Maltti Taproom,,,FALSE,,
node/13288662260,Mama no bento,,,FALSE,,
node/13514153845,Mamoste,,,FALSE,,
node/8705216862,Manoushe,,,FALSE,,
node/9108163989,Maranga,,,FALSE,,
node/900024201,Marco boulangerie,,,FALSE,,
node/4736136221,Masu Asian Bistro,,,FALSE,,
node/139594283,McDonald's,,,FALSE,,
node/3519113509,McDonald's,,,FALSE,,
node/11495706962,McDonald's,,,FALSE,,
way/88144795,McDonald's,,,FALSE,,
way/842351685,McDonald's,,,FALSE,,
way/1270201502,McDonald's,,,FALSE,,
node/14001718644,Mega Bite,,,FALSE,,
node/8763942036,Mervani,,,FALSE,,
"node/8662483106,MIN Asemakeskus,https://linkosuo.fi/toimipaikka/min-asemakeskus/,linkosuo,TRUE,,""Linkosuon oma jarjestelma, ei PDF-reittia - taytetaan vain url-sarake"""
"node/14087294057,MIN Maku Linkosuo,https://linkosuo.fi/toimipaikka/min-maku/,linkosuo,TRUE,,""Linkosuon oma jarjestelma, ei PDF-reittia - taytetaan vain url-sarake"""
node/1854294475,Ming Zhu,,,FALSE,,
node/13200013982,Moi! Poke,,,FALSE,,
node/12103736926,Momo Hub,,,FALSE,,
node/13649200319,Momoro Aasia,,,FALSE,,
node/11922079962,More Tea,,,FALSE,,
node/12103736922,Muikkukeisari,,,FALSE,,
node/937725504,Multisillan Kultatähti Pizzeria,,,FALSE,,
node/10748709482,Munkkis,,,FALSE,,
node/4799181042,Museoravintola Valssi,,,FALSE,,
node/415909016,Mustamakkarabaari,,,FALSE,,
node/4547674090,Muusa,,,FALSE,,
node/627933213,Nanda Devi,,,FALSE,,
node/11228839627,Natsu japanilainen ravintola,,,FALSE,,
node/4383608091,Naughty BRGR,,,FALSE,,
node/7160804762,Naughty Burger,,,FALSE,,
node/1233373083,Nekalan Hovi,,,FALSE,,
node/2327060041,Neula Sky Cafe,,,FALSE,,
way/1018250964,Neulanen,,,FALSE,,
node/2432261371,New Chinese Food,,,FALSE,,
node/1177382333,New Garden,,,FALSE,,
node/295381310,Niihaman ulkoilumaja,,,FALSE,,
node/2432261372,Nile Kebab,,,FALSE,,
node/6080462705,Ninan keittiö,,,FALSE,,
node/4803810521,Nittaya Thai & Laos Restaurant,,,FALSE,,
node/2294600877,Nón Lá,,,FALSE,,
node/12644715769,Nonni,,,FALSE,,
node/10129175944,Noodle lab,,,FALSE,,
node/4805635522,Noodle Master,,,FALSE,,
node/6512793337,Nordlandia Care -hotellin ravintola,,,FALSE,,
node/4590675791,Ohana Grille,,,FALSE,,
node/12184249483,Oksa,,,FALSE,,
node/7184016487,Ola Greek Food,,,FALSE,,
node/12806214838,Onda Music & Arts Cafe,,,FALSE,,
node/14166354592,Onni & Leo,,,FALSE,,
node/9083893226,Opetuskahvila Nauha's,,,FALSE,,
node/11425734618,Opiskelijaravintola Miekkaleijona,,,FALSE,,
node/12846518883,Oppa Korean BBQ,,,FALSE,,
node/11976249496,Osaka Teppanyaki,,,FALSE,,
node/12453664263,Osho Sushi,,,FALSE,,
way/88065496,Pahis Grilli,,,FALSE,,
node/3896296278,Pala Café,,,FALSE,,
node/896600378,Pancho Villa,,,FALSE,,
node/5554109549,Pancho Villa,,,FALSE,,
node/6033830060,Pancho Villa,,,FALSE,,
node/9583968076,Pancho Villa,,,FALSE,,
node/10015492146,Pancho Villa,,,FALSE,,
node/13874668571,Pancho Villa Pirkkala,,,FALSE,,
node/11339343941,Pancho Villa Tammelan stadion,,,FALSE,,
node/149186166,Panimoravintola Plevna,,,FALSE,,
node/2935875698,Panttitalon vohvelikahvila,,,FALSE,,
node/4360589708,Pappilanpuiston palvelukeskuksen ravintola,,,FALSE,,
node/6357536985,Partolan Pizzeria,,,FALSE,,
node/13196213624,Patakunkku,,,FALSE,,
node/33403034,Patarouva,,,FALSE,,
node/13414083369,Pella's cafe & bakery,,,FALSE,,
node/8705216864,Periscope,,,FALSE,,
way/1547959010,Periscope,,,FALSE,,
node/9113068950,Piazetta Romana,,,FALSE,,
node/14084963460,Pick & Wok,,,FALSE,,
node/7431620554,Picnic,,,FALSE,,
node/4803810421,Piemonte,,,FALSE,,
node/1177307746,Pieni Panda,,,FALSE,,
node/13647432501,Pihvikeisari,,,FALSE,,
node/12327773766,Pikante 36Ravintola,,,FALSE,,
node/6512920938,Pikante Café,,,FALSE,,
node/4306074476,Pikante Café Sirius,,,FALSE,,
node/6512793336,Pikante Finn-Medin ravintola,,,FALSE,,
node/6512793334,Pikante Ravintola Ellipsi,,,FALSE,,
node/12231403587,Pikante Ravintola Saippuatehdas,,,FALSE,,
node/4217604319,Pikku-Ruusa,,,FALSE,,
node/6184651150,PikkuBistro Kattila,,,FALSE,,
way/136095700,Pispalan pulteri,,,FALSE,,
node/4360589709,Pispan palvelukeskuksen ravintola,,,FALSE,,
way/161919280,Pispankadun Kioski,,,FALSE,,
node/3444708293,Piste,,,FALSE,,
node/601106071,Pitkän Päivän ilta,,,FALSE,,
node/9376539289,Pizza & Buffa Prisma Kaleva,,,FALSE,,
node/10282967329,Pizza Hut,,,FALSE,,
node/1885735161,Pizza Service,,,FALSE,,
node/9038677183,Pizza-kebab 14,,,FALSE,,
node/12112370926,Pizzamestarit,,,FALSE,,
node/13104340006,Pizzarium,,,FALSE,,
node/921471963,Pizzeria Darius,,,FALSE,,
node/9872205051,Pizzeria Luca,,,FALSE,,
node/896600382,Pizzeria Napoli,,,FALSE,,
node/610920400,Pizzeria Nupelda,,,FALSE,,
way/124181846,Pizzeria Paparazzi,,,FALSE,,
node/9928758342,Pizzeria Ravintola Solaf,,,FALSE,,
node/4360589710,Pohjolan palvelukeskuksen ravintola,,,FALSE,,
node/12064674517,Polku jota kuljemme,,,FALSE,,
node/12492544166,Pons,,,FALSE,,
node/2432261369,Poppy Cafe,,,FALSE,,
node/4690188743,Power Pizzeria,,,FALSE,,
node/11177785925,PSTA,,,FALSE,,
node/3644577916,Public House Huurre,,,FALSE,,
way/208706367,Puisto,,,FALSE,,
node/246771586,Punjab Kebab,,,FALSE,,
node/8680016825,Pupukahvila,,,FALSE,,
node/4803788622,Pure Bite,,,FALSE,,
node/12752721160,Purebite,,,FALSE,,
node/12103736936,Purilaisvaunu,,,FALSE,,
node/12568598929,Pyymäen Aira,,,FALSE,,
node/3921671083,Pyymäen Oma,,,FALSE,,
node/11759191049,Pyymäen Tullintori,,,FALSE,,
node/297493928,Pyynikin munkkikahvila,,,FALSE,,
node/10203425429,Pyynikintorin Liha ja Kahvi,,,FALSE,,
way/147577161,Raholan Pizza-Kebab Kioski,,,FALSE,,
node/1744754228,Rajaportin saunakahvila,,,FALSE,,
node/11896952404,Ramona,,,FALSE,,
node/14056680178,Rattoria Ryyti,,,FALSE,,
node/3921673075,Ravinteli Bertha,,,FALSE,,
node/12089628878,Ravinteli Haarla,,,FALSE,,
node/570088003,Ravinteli Huber,,,FALSE,,
node/12189755457,Ravintola Aama,,,FALSE,,
node/10826193105,Ravintola Apaja,,,FALSE,,
node/946974814,Ravintola Arjuska,,,FALSE,,
node/9764401026,Ravintola Astor,,,FALSE,,
node/10631064926,Ravintola Bord,,,FALSE,,
node/4360570241,Ravintola Carotiini,,,FALSE,,
node/10173933334,Ravintola Cotton,,,FALSE,,
node/8118346096,Ravintola Deluxe,,,FALSE,,
node/893732311,Ravintola Diagonal,,,FALSE,,
node/3978014118,Ravintola Drina,,,FALSE,,
node/964630657,Ravintola Etrusco,,,FALSE,,
node/893732677,Ravintola Evin,,,FALSE,,
node/942246332,Ravintola Eväs,,,FALSE,,
way/161245387,Ravintola Heinätori,,,FALSE,,
node/1511599955,Ravintola Hertsi,,,FALSE,,
"node/10804964612,Ravintola Hertta,https://linkosuo.fi/toimipaikka/hertta/,linkosuo,TRUE,,""Linkosuon oma jarjestelma, ei PDF-reittia - taytetaan vain url-sarake"""
node/4253557605,Ravintola Jäähovi,,,FALSE,,
node/885724040,Ravintola Kaisla,,,FALSE,,
node/12953710294,Ravintola Kaukaharju,,,FALSE,,
way/105208984,Ravintola Koukun Helmi,,,FALSE,,
node/2332044909,Ravintola Lennie,,,FALSE,,
node/4383587393,Ravintola Lilia,,,FALSE,,
node/12759300380,Ravintola Linna,,,FALSE,,
node/1003373279,Ravintola LiV,,,FALSE,,
node/13515662153,Ravintola Malika,,,FALSE,,
node/13727111800,Ravintola Manseri,,,FALSE,,
node/646615971,Ravintola Mardin,,,FALSE,,
node/11364627357,Ravintola Maukas,https://www.ninankeittio.fi/tampere-tammela-ravintola-maukas/#lounaslista,poweresta,TRUE,https://www.ninankeittio.fi/wp-content/uploads/poweresta/tammela-ruokalistat-{date}-fi.pdf,Poweresta-alusta - kattaa myös muut Ninan Keittiön ravintolat
node/11143160846,Ravintola Minerva,,,FALSE,,
way/666167885,Ravintola Myllärit,,,FALSE,,
node/13503339619,Ravintola Nekalab,,,FALSE,,
node/1511599952,Ravintola Newton,,,FALSE,,
node/2146729652,Ravintola Nextdeli,,,FALSE,,
node/1825161321,Ravintola Näsinneula,,,FALSE,,
node/232660161,Ravintola Pyy,,,FALSE,,
node/4307988677,Ravintola Pyynikki,,,FALSE,,
node/12323521697,Ravintola Rata,,,FALSE,,
node/3722459565,Ravintola Reaktori,,,FALSE,,
node/12421424733,Ravintola Saarni,,,FALSE,,
node/9135406891,Ravintola Sayam9,,,FALSE,,
node/13524126401,Ravintola Shahzada,,,FALSE,,
node/1777928444,Ravintola Suuppa,,,FALSE,,
node/5591065531,Ravintola Tampella,,,FALSE,,
node/269847964,Ravintola Telakka,,,FALSE,,
node/13514210923,Ravintola The Curry Leaf,,,FALSE,,
way/110267280,Ravintola Viikinsaari,,,FALSE,,
node/3978021862,Ravintola Wivi,,,FALSE,,
node/3978048222,Ravitsemisliike Aisti,,,FALSE,,
node/11964129622,Relove Stockmann Tampere 1. krs,,,FALSE,,
node/4254257359,Restaurant Dynamo,,,FALSE,,
node/4805656522,RetroStella,,,FALSE,,
node/11917699105,Riihi BBQ,,,FALSE,,
node/9156187252,Rioni,,,FALSE,,
node/9847123547,Ristorante Capricciosa,,,FALSE,,
node/6952640152,Ristorante II Siciliano,,,FALSE,,
node/11096743674,Ristorante Pulcinella,,,FALSE,,
node/139588058,Ristorante Roma,,,FALSE,,
node/1290073324,Roast Rouhea Ravintola,,,FALSE,,
node/4070138817,Robert's Coffee,,,FALSE,,
node/13819167767,Robert's Coffee,,,FALSE,,
way/1424287108,Robert's Coffee,,,FALSE,,
node/12148126965,Roka Street Bistro Tampere,,,FALSE,,
node/411853891,Roseanne,,,FALSE,,
node/13200046143,Rosso,,,FALSE,,
node/2293943524,Rozerin Pizza & Kebab,,,FALSE,,
node/1835267026,Ruby & Fellas,,,FALSE,,
node/13104340019,Ruby & Fellas at Arena,,,FALSE,,
node/9928758341,Rugantino,,,FALSE,,
node/11778988275,Ruskon Helmi,,,FALSE,,
node/12521258976,Ruuben Tampere,,,FALSE,,
node/13514153846,Salsallada,,,FALSE,,
way/1313077559,ScanBurger Tampere Hervanta,,,FALSE,,
node/5744353848,Schnitzelhaus,,,FALSE,,
node/774502323,Selvi,,,FALSE,,
node/11197936456,Seoul Good,,,FALSE,,
node/13341037994,Seoul Good,,,FALSE,,
node/4805693922,Shanghai,,,FALSE,,
node/5285375992,Sher-E-Punjab,,,FALSE,,
node/9578634049,Siilinkarin talvikahvila,,,FALSE,,
node/1542113400,Siipiweikot,,,FALSE,,
node/6421276805,Siipiweikot Tampella,,,FALSE,,
way/206773183,Siivikkalan herkkupala,,,FALSE,,
node/11373910334,Sirpakka,,,FALSE,,
node/1157603577,Sitko Pizza & Bar,,,FALSE,,
node/2935696773,Social Burgerjoint,,,FALSE,,
node/5363829348,Sodexo Hermia 5,,,FALSE,,
node/5363829347,Sodexo Hermia 6,,,FALSE,,
node/4254257360,Sodexo Kulmasarvis,,,FALSE,,
node/13104340018,Sorin Grillikioski,,,FALSE,,
node/13370059088,Sotto,,,FALSE,,
node/6033821216,Speakeasy,,,FALSE,,
node/3414969012,Speakeasy Hervanta,,,FALSE,,
node/4813244869,St1  HelmiSimpukka Tampere Sammonvaltatie,,,FALSE,,
node/2432261377,Star & Moonlight,,,FALSE,,
node/1411258687,Stefan's Steakhouse,,,FALSE,,
node/13104340015,Stefans at Arena,,,FALSE,,
node/139583177,Sticky Wingers,,,FALSE,,
node/12544253834,Ståhlberg,,,FALSE,,
node/13514153847,Ståhlberg Lunch & Catering,,,FALSE,,
node/9547896175,Ståhlberg Tampella,,,FALSE,,
node/3088435679,Subham,,,FALSE,,
node/415909050,Subway,,,FALSE,,
node/480572942,Subway,,,FALSE,,
node/1832766304,Subway,,,FALSE,,
node/1949534899,Subway,,,FALSE,,
node/2432261378,Subway,,,FALSE,,
node/2441130564,Subway,,,FALSE,,
node/2480800634,Subway,,,FALSE,,
node/2575654905,Subway,,,FALSE,,
node/2584127649,Subway,,,FALSE,,
node/6903756277,Subway,,,FALSE,,
node/8518684717,Subway,,,FALSE,,
node/9844718062,Subway,,,FALSE,,
node/11922079960,Subway,,,FALSE,,
way/1424287109,Subway,,,FALSE,,
node/2307852878,Sumer Pizzeria ja Kebab,,,FALSE,,
node/11922079964,Super Bowl,,,FALSE,,
node/12084216465,Sushi Panda Tampere,,,FALSE,,
node/9583868321,Taco Bell,,,FALSE,,
node/12037513639,Taco Bell,,,FALSE,,
node/1014234444,Taj Indian Restaurant,,,FALSE,,
node/9603803418,Tallipihan kahvila,,,FALSE,,
node/3385994940,Talon Pizza,,,FALSE,,
way/129082813,Talvipuutarha Sommer,,,FALSE,,
way/99556036,Tammelantorin Burger,,,FALSE,,
node/12103736933,Tammelantorin Herkkugrilli,,,FALSE,,
node/14075274641,Tammerin Kellari,,,FALSE,,
node/12103736925,Tampereen Eurolohi,,,FALSE,,
node/13255560632,Tampereen Eurolohi,,,FALSE,,
node/14061602016,Tampereen salainen kahvila,,,FALSE,,
node/9502826931,Tampinkoski kitchen&bar,,,FALSE,,
node/693196957,Tapola Tammelantori,,,FALSE,,
node/9081775227,Tarboosh Café & Bistro,,,FALSE,,
node/13514214609,Tbilisi,,,FALSE,,
node/2935815549,Thai & Laos Restaurant,,,FALSE,,
node/3385972767,Thai Golden Chang,,,FALSE,,
node/2968902704,The Everest Cuisine,,,FALSE,,
node/4803788624,Thé Hidden,,,FALSE,,
node/13104330900,The Kitchen,,,FALSE,,
node/13104340004,The Kitchen,,,FALSE,,
node/13104340005,The Kitchen,,,FALSE,,
node/572025335,Tiiliholvi,,,FALSE,,
node/13088752268,Tiinan Kotiruoka,,,FALSE,,
node/6033821215,Tivoli,,,FALSE,,
node/11049657941,TnT - Tacos 'n' Tequila,,,FALSE,,
node/646615975,Toki Nuki,,,FALSE,,
node/12517848639,Tôtô Ravintola,,,FALSE,,
node/12082256436,Trattoria Il Centro,,,FALSE,,
node/5281834372,Tuhto,,,FALSE,,
way/224399427,Uittotunnelin kahvila,,,FALSE,,
node/12103736934,Ullan Grilli,,,FALSE,,
way/99789729,Uma's Take away,,,FALSE,,
node/11708080259,Umami,,,FALSE,,
node/4563019086,Uuno,,,FALSE,,
node/870330074,Vaakon nakki,,,FALSE,,
node/9700148947,Vallaton Kahvila,,,FALSE,,
node/11619451906,Valtatie 30,,,FALSE,,
node/12020624089,Vanha Ike,,,FALSE,,
way/115967857,Vaskitähti,,,FALSE,,
node/646615982,Veijon Kokkitykki,,,FALSE,,
node/8421446340,VG Wok,,,FALSE,,
node/12625700792,Via Tribunali Tampere,,,FALSE,,
node/13108202635,Vihreä Vuohi,,,FALSE,,
node/888650316,Viialan kotileipomo,,,FALSE,,
node/13615245820,Viikinsaaren terassi,,,FALSE,,
node/6654862788,Villit & Viinit,,,FALSE,,
way/89322096,Vohvelikahvila,,,FALSE,,
node/10278807598,Whatever,,,FALSE,,
node/14170679389,Wigren Pata 2,,,FALSE,,
node/8705216865,Wok Around,,,FALSE,,
node/10181335252,Yak-Nak,,,FALSE,,
node/496832655,Yi Sushi,,,FALSE,,
node/13439442243,Yuki House,,,FALSE,,
node/6461777044,Zafran,,,FALSE,,
node/1542107412,Zarillo,,,FALSE,,
node/4778823744,Zarillo,,,FALSE,,
node/7276457591,Zarillo,,,FALSE,,
node/12544253844,Zarillo,,,FALSE,,
node/6420400636,Zeytuun,,,FALSE,,
