restaurant_id,name,website
node/1643071554,2h+k,
node/4207050018,4 vuodenaikaa,https://4vuodenaikaa.fi/
node/935202969,8Baari,
node/1017200989,ABC Lahdesjärvi Tampere,
node/13104340009,Abu Fuad Kebab,
node/11659822616,Afgan,https://www.afganravintola.fi/
node/5281834370,Ainoya,
way/1424287113,Aitoleipä,
node/11752715529,Aitoleipä Kaukajärvi,https://aitoleipa.fi/aitoleipa-kaukajarvi/
node/4209238204,Aitoleipä Pyynikki,https://aitoleipa.fi/ravintolat/aitoleipa-pyynikki/
node/9870504513,Alanya Pizza & Cafe,
node/867611848,Aloha Ramen,https://aloharamentampere.com/
node/3385995400,Amarillo,https://www.raflaamo.fi/fi/ravintola/tampere/amarillo-ilves-tampere/
way/1547954697,Amarillo Ilves,https://www.raflaamo.fi/fi/ravintola/tampere/amarillo-ilves-tampere
node/415909049,American Diner,https://www.americandiner.fi/classic-american-diner-lielahti/
node/4254257362,Amica Tulli Business Park,https://www.compass-group.fi/ravintolat-ja-ruokalistat/foodco/kaupungit/tampere/tulli-business-park/
node/12103736927,Amin Herkku,
node/679209974,Amurin Helmi,https://www.museokortteli.fi/etusivu/kahvila-amurin-helmi/
node/12103736932,An Nam,
way/140300771,Annalan Pizza & Kebab,https://annalanpizzeria.fi/
node/8788595760,Antell Hermian Farmi,https://www.antell.fi/hermian-farmi/
node/1419013326,Antika,
node/5285375990,Arnold's,https://tullintori.fi/liike/arnolds-bakery-coffee-shop/
node/9715828869,Arnolds,https://arnolds.fi/
way/1424287114,Aseman Kahvila,
node/13033740212,Atmos Brewing & Taproom,
node/12338892794,BAB pizza,
node/5285375989,Baba's Kitchen,
node/535977187,Babiloni,https://www.babiloni.fi/
node/12626502593,Baglung Durbar,https://baglungdurbar.fi/
node/5281834371,Bakery Café Puusti,https://www.cafepuusti.fi/
node/11599152579,Bar & Cafe Lategame,https://www.lategame.fi/
node/7756242920,Bawan Pizzeria,https://tammelanpizzeria.fi/
way/1424287116,Bento Ya!,
node/5990322687,Bianco,https://pizzeria-ravintolabianco.com/
node/9081775256,Biáng!,https://biang.fi/
node/11339343940,Bistro & Cafe Salho,https://www.salho.fi/
node/3386168712,Bistro C,https://www.ravintola-c.fi/
node/12521258977,Bistro DinDín,https://bistrodindin.com
node/12076560122,Bistro Papu ja Pata,https://www.papujapata.com/
node/534070277,Bistro Venla,https://www.bistrovenla.com/
node/559439547,Bistro Vilja,https://www.bistrovilja.fi/
node/13660569470,Blinland,
node/13169602701,Bollywood Spice,https://www.bollywoodspice.fi/
node/4805625521,Boneless,
node/5772269980,Borneo,https://www.ravintolaborneo.fi/
node/2432261370,Borneo Mamak,https://www.borneomamak.fi/
node/5285375991,Brander,https://www.brander.fi/
node/693268340,Broor,https://www.broor.fi/
node/11827057245,Buffet SISU,
node/3149657622,Burger King,https://burgerking.fi/toimipiste/burger-king-hameenkatu6-tampere/
node/6003270956,Burger King,
node/6080462706,Burger King,https://burgerking.fi/
node/13987584529,Burgers,
node/4805634722,Bär Bar,
node/2622793631,C Sushi,
node/5345651932,Cafe & Bakery Mimosa,https://cafebakerymimosa.wordpress.com/
node/13118937992,Café Alakuppila,https://juvenes.fi/alakuppila/
node/11207122518,Café Atomi,
node/1511599948,Café Bitti,
node/12812251647,Cafe Kaisuli,https://cafekaisuli.fi/
node/6468825286,Cafe Kartano,
node/1511599936,Café Konehuone,https://www.juvenes.fi/konehuone

node/12077215816,Café Luotsi,
node/13112600327,Cafe Metso,https://www.cafemetso.fi/
node/13474227411,Café Metsonkulma,
node/9943019325,Café Milavida,https://museomilavida.fi/etusivu/kahvila-kauppa/
node/13993496655,Cafe Nöösi,
node/9167456121,Café Olive,https://pikante.fi/toimipaikka/cafe-olive/
way/161919283,Cafe Pispala,https://www.ohanarestaurants.com/cafe-pispala
node/1444854261,Café Sara,https://www.tampere.fi/sarahilden/cafe-sara.html
node/12103736929,Café Tilkka,
node/7296845914,Caffetta,
node/8582357823,Caffitella,https://www.caffitella.fi/toimipaikat/duo-tampere/
node/12174634039,Caffitella Bakery shop,https://www.caffitella.fi/
node/872093166,Cake House Café,
node/12635225760,Campusravita,https://www.campusravita.fi/
node/9034456176,Chitir Chicken,https://tampere.chitirchicken.fi/
node/3988472886,Classic Pizza,https://classicpizza.fi
node/896600877,Coffee House,
node/291211460,Coussicca,https://www.coussicca.com/
node/12103736935,Curry 510,
"node/13514251331,""Curry Spot, Piccante Ristorante"","
node/5281834373,Dabbal,
node/11976221189,Daiwo Sushi,https://www.instagram.com/daiwosushi/
node/10250015339,Dam Bar,https://dambar.fi/
node/12055873689,Delhi House,https://delhihouse.fi/
node/2857478984,Dewon Fried Chicken,
node/4383621990,Dining 26,https://www.dining26.fi/
node/10120007638,Don Franco Trattoria,https://donfranco.fi/
node/13515662152,Downtown Bar & Kitchen,
node/5775523357,Dust & Fry,https://dustfry.fi/locations
node/12076560121,Eclair paikka,
node/13534887354,Edun Herkkukeidas,
node/9846018494,Eflatun,https://eflatun.fi/
node/10015492151,Espresso House,
node/10250582162,Espresso House,https://fi.espressohouse.com/loyda-meidat/stockmann-tre
node/13200013981,Espresso House,
node/9135362206,Etelän Kebab House,https://etelankebab.com
node/13104340014,Eventum,https://nokiaarena.fi/restaurant/eventum/
node/12951441152,Faasai,https://www.faasairavintola.fi/hatanpaa.html
node/13712026875,Faasai,https://www.faasairavintola.fi/kaleva.html
node/1835267060,Faasai,https://www.faasairavintola.fi/
node/13532148803,Faasai Thairavintola,
node/11922079961,Fafa's,https://www.fafas.fi/
node/9534382976,Falafel 5/5,
node/3825159496,Fazer Café Tampere,https://www.fazer.fi/kahvilat-ja-leipomot/fazer-cafe/kahvilat/fazer-cafe-tampere1/
node/611053255,Finlaysonin Palatsi,https://finlaysoninpalatsi.com/
node/8951335506,Fire Wok,https://www.firewok.fi/
node/4805656521,Fitwok,https://www.fitwok.fi/
node/12632124418,FLIP Vegan Pizza,https://flipvegan.fi/
node/13104340002,Friends & Brgrs,
node/13104340003,Friends & Brgrs,
node/13104340016,Friends & Brgrs,
node/4031578589,Friends & Brgrs,https://friendsandbrgrs.fi/
node/8895501230,Fujimi,https://fujimi.fi/fi/
node/12089728946,Funky Woo Asian Street Food & Bar,https://www.funkywoo.fi/
node/572025330,Galata Kebab House,
node/8998286553,Gate of India,https://www.gateofindia.fi/
node/849122996,Gelateria Italiano,https://www.tampereenjaatelotehdas.fi/gelateria.html
node/570087989,Go Go Pizza,
node/9034456167,Golden India,
node/12168495697,Green Hippo,https://www.greenhippocafe.rocks/tampere-keskustori
node/3386013632,Grill it!,https://www.raflaamo.fi/en/restaurant/tampere/grill-it-paja-tampere
node/1234675225,Grillikahvio Hyrysysy,
node/1411258681,Gringos Locos,
node/317090808,Groove Bar,https://www.groovebar.fi/
node/7160806462,Guru's Kitchen,https://guruskitchen.fi/
node/7948408154,Haiharan kahvikamari,
way/183197632,Haikan Grilli,https://www.haikangrilli.fi/
node/893752788,Hakasen leipomo,https://www.hakasenleipomo.fi/kahvilat-ja-myymalat/
node/317090806,Hallilan Pizzeria,https://www.hallilanpizzeria.fi/
node/11642102469,Hamptown Burger,https://hamptownburger.fi/
node/8705216866,Hanko Aasia,https://www.hankoaasia.fi/
node/13524099499,Hao Kitchen,https://haokitchen.fi/
node/244139492,Harald,https://ravintolaharald.fi/tampere
node/13042942362,Helmi Izakaya,
node/4813171396,HelmiSimpukka Tampere Lahdenperänkatu,https://helmisimpukka.fi/asemat/tampere-lahdenperankatu
node/11893471589,Henkilöstöravintola Saila Tuomi,
node/999103908,Henriks,
node/13994463393,Hervannan jäähallikahvio,
node/1516716934,Herwood Torigrilli,
node/12754410636,Hesburger,https://www.hesburger.fi/ravintolat?tid=568
node/12994423738,Hesburger,
node/1949534875,Hesburger,https://www.hesburger.fi/ravintolat?tid=1250
node/293112072,Hesburger,
node/293392829,Hesburger,https://www.hesburger.fi/ravintolat?tid=259
node/293393367,Hesburger,https://www.hesburger.fi/ravintolat?tid=289
node/293393584,Hesburger,https://www.hesburger.fi/ravintolat?tid=149
node/293394189,Hesburger,https://www.hesburger.fi/ravintolat?tid=110
node/4585826495,Hesburger,
node/519834364,Hesburger,
node/6550852636,Hesburger,
node/821346889,Hesburger,https://www.hesburger.fi/ravintolat?tid=493
node/9861810788,Hesburger,
way/87950048,Hesburger,https://www.hesburger.fi/ravintolat?tid=260
way/91086524,Hesburger,
way/98623676,Hesburger,https://www.hesburger.fi/ravintolat?tid=74
node/7846436226,Hoax,https://www.bonker.fi/hoax/
node/3988483412,Holiday Club kesäkahvila,
node/1411258684,Hook Tampere,https://www.ravintolahook.fi/hook-tampere/
node/13104340011,Hook Wings,
node/13935504968,Huili,https://huilipiste.fi/ravintola/huili-hatanpaa-tampere/
node/9838293833,Huili,https://huilipiste.fi/ravintola/huili-teiskontie-tampere/
node/2138481074,Hullu Poro,
node/4333624190,Hurtan Harttara & Tötterö,
node/14106943013,Huuva,https://webflow.huuva.io/lunch/pirkkala
node/12103736923,Hyunh Vietnamilainen Keittiö,
node/9135406849,Hämpin Pizzeria,https://www.hampinpizzeria.fi/
node/6111330295,Härlem,https://harlem.fi
node/9591719199,IKEA Restaurant,
node/1094440042,Il Posto Hervanta,https://ilposto.fi/en/restaurants/ilposto-hervanta/
node/11708092434,Ilopilleri,
node/2123207147,Inez Tapas Bar Sidreria,https://www.gastropub.net/inez/
node/13514214607,Iskif Restaurant & Cafe,https://iskif.fi/
node/10971790419,Itsudemo,https://itsudemo.fi/hallituskatu/
node/12544253841,Itsudemo,
node/13516487679,Itsudemo sushibar Kaleva,
node/13341037993,Itsuyaki,https://www.itsuyaki.fi/
node/11998916697,Itsuyaki Tampere,https://www.itsuyaki.fi/
node/13514153844,Jalla Jalla,
node/893744457,Jankan vanha grilli,
node/14089390232,JJ's BBQ,https://jjsbbq.fi/ravintola-pirkkala/#!/menu-pirkkala
node/6170154387,Ju Xin Sushi,
node/11922079963,Jungle Juice Bar,https://www.junglejuicebar.com/
way/1424287117,Jungle Juice Bar,https://www.junglejuicebar.com/
node/2631622294,Juvan Grilli,
node/3860543539,Juvenes Attila,https://www.juvenes.fi/attila
node/6004779007,Juvenes Café Lea,https://www.juvenes.fi/lea
node/6293983811,Juvenes Frenckell,https://juvenes.fi/frenckell
node/6004779006,Juvenes Ravintola Arvo,https://www.juvenes.fi/arvo
node/11964106642,Juvenes YO Ravintola,https://juvenes.fi/yo-ravintola/
node/2556161444,Jäätelökioski,
node/850325856,Kaffila,
node/10779372655,Kahvibaari Kokko,https://kahvibaarikokko.fi/sivu/kahvila
node/12103736924,Kahvikeidas,
node/10087202869,Kahvila Arboretum,
node/11750436893,Kahvila Elonen,https://elonen.fi/toimipiste/kahvila-elonen-turtola/
way/360999201,Kahvila Epilä,https://www.kahvilaepila.com/
node/13516487678,Kahvila Kaleva,
node/12977018448,Kahvila Leena,https://www.sopimusvuori.fi/kahvila
node/14001718642,Kahvila Lempi,
node/885724039,Kahvila Munkkis,
node/533711728,Kahvila Runo,https://kahvilaruno.fi/
way/173985295,Kahvila Seela,
node/610920410,Kahvila-Konditoria Mari,https://www.konditoriamari.fi/
node/13997708795,Kahvila-ravintola Viistokatu,https://www.compass-group.fi/ravintolat-ja-ruokalistat/foodco/kaupungit/tampere/kahvila-ravintola-viistokatu/
node/11746794051,Kahvisalonki,
node/4805664822,Kahvisalonki,
node/6654849886,Kajo,https://www.kajoravintola.fi/
node/7296808346,Kalakokit,
node/12103736931,Kalakuninkaat,
node/646615979,Kalevan Hertta,https://www.raflaamo.fi/fi/ravintola/tampere/kortteliravintola-kalevan-hertta-tampere
node/1165447958,Kalevan Pizzeria,
node/846469862,Karalis,https://karalis.fi/
node/601106012,Kasvisravintola Gopal,https://www.gopal.fi
node/13075836285,Kattopuutarha,https://www.kattopuutarha.fi/
node/11434681711,Kauppahallin kotilounas,https://kauppahallinkotilounas.fi/
node/845677335,Kebab Pizza City,
way/87405363,Kebab-Pizza Heval,https://www.heval.fi/
node/4306074475,Keskussairaalan Ravintola Puhti,https://www.pirha.fi/fi/toimipisteet/sairaalat-ja-hoitoyksikot/tays-keskussairaala
way/1031456038,Kesä Popup Ranta,
node/11931504840,Kesäheila,https://kesaheila.com/
node/11975084054,Kesäkahvila,https://hatanpaankartano.net/kesakahvila/
way/110267278,Kesäkahvila Helmannila,
node/679204834,Kiinan Tähti,
node/13534887353,Kim's Bap,
node/9845976385,King Gyros,
node/8013629206,Kissakahvila Purnauskis,https://www.purnauskis.fi/
node/13917042301,Kivikirkon kahvikioski,
way/116297961,Konsulintalo,
way/1431401950,Konttikahvila | Härmälänsaaren satama,
node/11874217164,Kontukeittiö Hervanta,https://kontukoti.fi/kontukeittio/kontukeittio-hervanta/
node/4803790621,Koskilinnan kahvikauppa,https://herkkupuoti.mycashflow.fi/
node/2147410107,Kotileipomo Ruskolainen,
node/13341037995,Kotipizza,
node/13532148802,Kotipizza,
node/1759058774,Kotipizza,https://www.kotipizza.fi/
node/1832785463,Kotipizza,
node/3753927568,Kotipizza,
node/8318447918,Kotipizza,https://www.kotipizza.fi/ravintolat/kotipizza-tampere-kaleva-sammonkatu-66
node/8419716418,Kotipizza,https://kotipizza.fi/
node/852055761,Kotipizza,
node/865581177,Kotipizza,
node/880559075,Kotipizza,https://www.kotipizza.fi/ravintolat/tampere-hervanta-pietilankatu-kauppakeskus-duo
node/896600381,Kotipizza,
node/903636726,Kotipizza,https://www.kotipizza.fi/
node/903654785,Kotipizza,https://www.kotipizza.fi/
way/154151366,Kotipizza,
node/490663984,Koto Asian Cuisine,https://kauppakeskusduo.fi/liikkeet/cl-ravintola/
node/957182381,Kuikka Kafe,https://www.kuikkakafe.fi/
node/610920382,Kulman Grilli ja Elintarvike,
node/13059361551,Kumma Bar & Street Kitchen,https://ravintolakumma.fi/
node/9792346039,Kunkun lounaskahvila,
node/4805673123,Kuparitalon Vohvelikahvila,
node/5698752821,La Toore Pizzeria,https://latoorepizza.fi/
way/1240470286,Laelta,https://laelta.com/
way/986633221,Laivaravintola Suvi,
node/9688053762,Lapintie Kebab Pizzeria,
node/4383611796,Lautapelikahvila Taverna,https://lautapelikahvila.fi/
node/13108585102,Leaf Sushi,
node/1291620861,Leipomo Munkkimiehet,
node/6004779074,Lempi Pizza-Kebab,
node/4412682189,Lie Mi,https://www.liemi.fi/
node/8155820728,Lillan Kahvila,

node/12515758877,Los Pollos Bar & Grill,https://pollos.fi/
node/13515562936,Lounas- ja tilausravintola Koski,
node/34061635,Lounas-kahvila Kalaasi,
node/2489103942,Lounaskahvila Pinnin Helmi,
node/3753927382,Lounaskahvila Pörriäiset,
node/2555997225,Lounaskahvila-konditoria Mainio,
node/2894874653,Lounasravintola Marinara,https://www.marinara.fi/

node/11893649996,Lounasravintola Sun Namaste,
node/418597740,Love Coffee,
node/9715828871,Luckiefun's,https://www.luckiefun.com/ravintolat/sushibuffet-tampere/koskikeskus/
node/14170679391,Lucky Star,
way/975363610,Lukonmäen Grillikioski,https://www.lukonmaengrillikioski.fi/
node/13104330899,Löfbergs & Pingviini,
node/13255560631,Maira,
node/14091528394,Makutuote,https://www.makutuote.fi
node/888650333,Malabadi,https://www.malabadi.fi/
node/13104340013,Maltti Taproom,
node/13288662260,Mama no bento,https://www.mamanobento.fi
node/13514153845,Mamoste,https://www.mamoste.fi/
node/8705216862,Manoushe,
node/9108163989,Maranga,https://maranga.fi
node/900024201,Marco boulangerie,https://www.boulangeriemarco.fi/
node/4736136221,Masu Asian Bistro,https://www.masuasianbistro.fi
node/11495706962,McDonald's,
node/139594283,McDonald's,
node/3519113509,McDonald's,
way/1270201502,McDonald's,
way/842351685,McDonald's,
way/88144795,McDonald's,https://www.mcdonalds.com/fi/fi-fi.html
node/14001718644,Mega Bite,
node/8763942036,Mervani,https://mervani.fi/


node/1854294475,Ming Zhu,
node/13200013982,Moi! Poke,https://moipoke.fi/
node/12103736926,Momo Hub,
node/13649200319,Momoro Aasia,
node/11922079962,More Tea,https://www.moretea.fi/
node/12103736922,Muikkukeisari,
node/937725504,Multisillan Kultatähti Pizzeria,
node/10748709482,Munkkis,https://munkkis.fi/munkkis-pirkkala/
node/4799181042,Museoravintola Valssi,https://www.vapriikki.fi/ravintola/
node/415909016,Mustamakkarabaari,https://www.mustamakkarabaari.fi/
node/4547674090,Muusa,https://olympiakortteli.fi/muusa/
node/627933213,Nanda Devi,https://nandadevi.fi/
node/11228839627,Natsu japanilainen ravintola,
node/4383608091,Naughty BRGR,https://naughtybrgr.com/restaurant/burgerravintola-tampere/
node/7160804762,Naughty Burger,https://naughtybrgr.com/
node/1233373083,Nekalan Hovi,https://nekalanhovi.fi/
node/2327060041,Neula Sky Cafe,https://sarkanniemi.fi/fi/ravintolat/neula-sky-cafe
way/1018250964,Neulanen,
node/2432261371,New Chinese Food,
node/1177382333,New Garden,
node/295381310,Niihaman ulkoilumaja,https://www.niihamanulkoilumaja.fi/
node/2432261372,Nile Kebab,
node/12443648703,Nimetön kohde,
node/13951264172,Nimetön kohde,
node/2257466260,Nimetön kohde,
node/6382555553,Nimetön kohde,
node/9838229051,Nimetön kohde,
node/6080462705,Ninan keittiö,https://www.ninankeittio.fi/pirkkala-sarankulma-veska/
node/4803810521,Nittaya Thai & Laos Restaurant,
node/2294600877,Nón Lá,
node/12644715769,Nonni,https://ravintolanonni.fi/
node/10129175944,Noodle lab,https://noodlelab.fi/
node/4805635522,Noodle Master,
node/6512793337,Nordlandia Care -hotellin ravintola,
node/4590675791,Ohana Grille,https://www.ohanarestaurants.com/ohana-grille.html
node/12184249483,Oksa,https://www.raflaamo.fi/fi/ravintola/tampere/osuusravintola-oksa-koivistonkyla-tampere
node/7184016487,Ola Greek Food,https://www.olagreekfood.fi/
node/12806214838,Onda Music & Arts Cafe,
node/14166354592,Onni & Leo,
node/9083893226,Opetuskahvila Nauha's,
node/11425734618,Opiskelijaravintola Miekkaleijona,
node/12846518883,Oppa Korean BBQ,https://www.oppakoreanbbq.fi/
node/11976249496,Osaka Teppanyaki,https://www.osakateppanyaki.fi/tampere
node/12453664263,Osho Sushi,https://www.oshosushi.fi/
way/88065496,Pahis Grilli,https://pahisgrilli.fi/
node/3896296278,Pala Café,https://www.palacafe.fi/
node/10015492146,Pancho Villa,
node/5554109549,Pancho Villa,https://panchovilla.fi/ravintolat/tampere-kaukajarvi
node/6033830060,Pancho Villa,https://panchovilla.fi/tampere-satakunnankatu
node/896600378,Pancho Villa,https://panchovilla.fi/ravintolat/tampere-hameenkatu-7
node/9583968076,Pancho Villa,
node/13874668571,Pancho Villa Pirkkala,
node/11339343941,Pancho Villa Tammelan stadion,https://panchovilla.fi/ravintolat/tampere-tammela
node/149186166,Panimoravintola Plevna,https://plevna.fi/
node/2935875698,Panttitalon vohvelikahvila,
node/4360589708,Pappilanpuiston palvelukeskuksen ravintola,
node/6357536985,Partolan Pizzeria,https://www.partolanpizzeria.fi/
node/13196213624,Patakunkku,https://nekalanpatakunkku.fi/
node/33403034,Patarouva,
node/13414083369,Pella's cafe & bakery,https://pellas.fi/
node/8705216864,Periscope,
way/1547959010,Periscope,https://www.ravintolaperiscope.fi/
node/9113068950,Piazetta Romana,
node/14084963460,Pick & Wok,https://www.pickwok.fi/menu
node/7431620554,Picnic,
node/4803810421,Piemonte,https://www.saarikoskiravintolat.fi/ravintola-piemonte/
node/1177307746,Pieni Panda,https://pienipanda.fi
node/13647432501,Pihvikeisari,https://pihvikeisari-nekala.fi/
node/12327773766,Pikante 36Ravintola,https://pikante.fi/toimipaikka/pikante-36-ravintola/
node/6512920938,Pikante Café,https://pikante.fi/toimipaikka/pikante-cafe/
node/4306074476,Pikante Café Sirius,https://www.pikante.fi/kahvilat-ja-ravintolat/cafe-sirius
node/6512793336,Pikante Finn-Medin ravintola,https://pikante.fi/toimipaikka/finn-medin-ravintola/
node/6512793334,Pikante Ravintola Ellipsi,https://pikante.fi/toimipaikka/ravintola-ellipsi/
node/12231403587,Pikante Ravintola Saippuatehdas,https://pikante.fi/toimipaikka/pikante-ravintola-saippuatehdas/
node/4217604319,Pikku-Ruusa,
node/6184651150,PikkuBistro Kattila,
way/136095700,Pispalan pulteri,https://pispalanpulteri.fi/
node/4360589709,Pispan palvelukeskuksen ravintola,
way/161919280,Pispankadun Kioski,
node/3444708293,Piste,
node/601106071,Pitkän Päivän ilta,https://pitkanpaivanilta.fi/
node/9376539289,Pizza & Buffa Prisma Kaleva,https://www.raflaamo.fi/fi/tampere/pizza-buffa-prisma-kaleva-tampere
node/10282967329,Pizza Hut,
node/1885735161,Pizza Service,
node/9038677183,Pizza-kebab 14,https://www.pizzakebab14.fi
node/12112370926,Pizzamestarit,https://www.pizzamestarit.fi/
node/13104340006,Pizzarium,
node/921471963,Pizzeria Darius,https://pizzeriadarius.fi/
node/9872205051,Pizzeria Luca,https://www.pizzerialuca.fi/frenckell/
node/896600382,Pizzeria Napoli,https://www.pizzerianapoli.fi/
node/610920400,Pizzeria Nupelda,https://nupelda.fi/
way/124181846,Pizzeria Paparazzi,
node/9928758342,Pizzeria Ravintola Solaf,
node/4360589710,Pohjolan palvelukeskuksen ravintola,
node/12064674517,Polku jota kuljemme,
node/12492544166,Pons,https://ravintolapons.fi
node/2432261369,Poppy Cafe,
node/4690188743,Power Pizzeria,
node/11177785925,PSTA,https://psta.fi/
node/3644577916,Public House Huurre,https://publichousehuurre.fi/
way/208706367,Puisto,https://www.raflaamo.fi/fi/ravintola/tampere/puisto
node/246771586,Punjab Kebab,https://www.punjabkebab.fi/
node/8680016825,Pupukahvila,https://www.pupukahvila.fi/
node/4803788622,Pure Bite,https://purebite.fi/
node/12752721160,Purebite,https://purebite.fi/
node/12103736936,Purilaisvaunu,
node/12568598929,Pyymäen Aira,https://pyymaen.fi
node/3921671083,Pyymäen Oma,https://www.pyymaen.fi/kahvilat/toimipisteet/pyymaen-oma/
node/11759191049,Pyymäen Tullintori,https://www.pyymaen.fi/kahvilat/toimipisteet/pyymaen-tullintori/
node/297493928,Pyynikin munkkikahvila,https://www.munkkikahvila.net/
node/10203425429,Pyynikintorin Liha ja Kahvi,https://www.pyynikintorinlihajakahvi.com
way/147577161,Raholan Pizza-Kebab Kioski,
node/1744754228,Rajaportin saunakahvila,
node/11896952404,Ramona,
node/14056680178,Rattoria Ryyti,https://www.instagram.com/rattoriaryyti
node/3921673075,Ravinteli Bertha,https://www.bertha.fi/
node/12089628878,Ravinteli Haarla,https://ravintelihaarla.fi/
node/570088003,Ravinteli Huber,https://www.ravintelihuber.fi/
node/12189755457,Ravintola Aama,https://ravintolaaama.fi/
node/10826193105,Ravintola Apaja,https://www.apajaravintola.fi/
node/946974814,Ravintola Arjuska,
node/9764401026,Ravintola Astor,https://ravintola-astor.fi/
node/10631064926,Ravintola Bord,
node/4360570241,Ravintola Carotiini,
node/10173933334,Ravintola Cotton,https://www.holidayclubresorts.com/fi/kylpylahotellit-resortit/tampereen-kehraamo/ravintolat-ja-palvelut/
node/8118346096,Ravintola Deluxe,https://ravintoladeluxe.fi/
node/893732311,Ravintola Diagonal,
node/3978014118,Ravintola Drina,https://ravintoladrina.fi/
node/964630657,Ravintola Etrusco,
node/893732677,Ravintola Evin,https://www.evin.fi/
node/942246332,Ravintola Eväs,https://www.eväsravintola.fi/
way/161245387,Ravintola Heinätori,https://heinatori.com/
node/1511599955,Ravintola Hertsi,https://www.sodexo.fi/ravintolat/ravintola-hertsi

node/4253557605,Ravintola Jäähovi,https://www.jaahovi.fi/
node/885724040,Ravintola Kaisla,
node/12953710294,Ravintola Kaukaharju,https://sointusenioripalvelut.fi/soinnun-lounaslista/
way/105208984,Ravintola Koukun Helmi,
node/2332044909,Ravintola Lennie,https://www.lenniengrilli.com/
node/4383587393,Ravintola Lilia,https://ravintolalilia.fi/
node/12759300380,Ravintola Linna,https://www.sodexo.fi/ravintolat/ravintola-linna
node/1003373279,Ravintola LiV,https://www.ravintolaliv.fi
node/13515662153,Ravintola Malika,
node/13727111800,Ravintola Manseri,https://luovi.fi/opiskelen-luovissa/ruokalistat/ravintola-manseri/
node/646615971,Ravintola Mardin,https://mardin.fi/

node/11143160846,Ravintola Minerva,https://www.compass-group.fi/ravintolat-ja-ruokalistat/foodco/kaupungit/tampere/minerva/
way/666167885,Ravintola Myllärit,https://myllarit.fi/
node/13503339619,Ravintola Nekalab,https://www.nekalab.fi/restaurant
node/1511599952,Ravintola Newton,https://www.juvenes.fi/newton
node/2146729652,Ravintola Nextdeli,https://juvenes.fi/nextdeli/
node/1825161321,Ravintola Näsinneula,https://sarkanniemi.fi/fi/ravintolanasinneula
node/232660161,Ravintola Pyy,
node/4307988677,Ravintola Pyynikki,
node/12323521697,Ravintola Rata,https://juvenes.fi/rata/
node/3722459565,Ravintola Reaktori,https://www.compass-group.fi/ravintolat-ja-ruokalistat/foodco/kaupungit/tampere/reaktori/
node/12421424733,Ravintola Saarni,https://juvenes.fi/en/saarni/
node/9135406891,Ravintola Sayam9,
node/13524126401,Ravintola Shahzada,
node/1777928444,Ravintola Suuppa,
node/5591065531,Ravintola Tampella,https://www.ravintolatampella.fi/
node/269847964,Ravintola Telakka,https://www.telakka.eu/
node/13514210923,Ravintola The Curry Leaf,
way/110267280,Ravintola Viikinsaari,https://www.ravintolaviikinsaari.fi/
node/3978021862,Ravintola Wivi,
node/3978048222,Ravitsemisliike Aisti,https://aistiravintola.fi/
node/11964129622,Relove Stockmann Tampere 1. krs,https://www.relove.fi/page/58/relove-tampere
node/4254257359,Restaurant Dynamo,
node/4805656522,RetroStella,https://retrostella.fi
node/11917699105,Riihi BBQ,https://www.saarikoskiravintolat.fi/riihi-bbq/
node/9156187252,Rioni,https://www.rioni.fi/tampere
node/9847123547,Ristorante Capricciosa,
node/6952640152,Ristorante II Siciliano,https://siciliano.fi
node/11096743674,Ristorante Pulcinella,https://ristorantepulcinella.fi/
node/139588058,Ristorante Roma,
node/1290073324,Roast Rouhea Ravintola,https://www.roast.fi/
node/13819167767,Robert's Coffee,
node/4070138817,Robert's Coffee,
way/1424287108,Robert's Coffee,https://robertscoffee.com/cafe/tampereen-rautatieasema/
node/12148126965,Roka Street Bistro Tampere,
node/411853891,Roseanne,
node/13200046143,Rosso,
node/2293943524,Rozerin Pizza & Kebab,https://www.rozerin.fi/
node/1835267026,Ruby & Fellas,https://rubyandfellas.fi/
node/13104340019,Ruby & Fellas at Arena,https://nokiaarena.fi/restaurant/ruby-fellas-at-arena/
node/9928758341,Rugantino,https://rugantino.fi/
node/11778988275,Ruskon Helmi,https://ruskonhelmi.fi/
node/12521258976,Ruuben Tampere,
node/13514153846,Salsallada,https://salsallada.fi/?lang=en
way/1313077559,ScanBurger Tampere Hervanta,https://scanburger.fi
node/5744353848,Schnitzelhaus,https://www.schnitzelhaus.fi/
node/774502323,Selvi,https://selvipizzeria.fi/
node/11197936456,Seoul Good,https://www.seoulgood.fi/
node/13341037994,Seoul Good,https://www.seoulgood.fi/
node/4805693922,Shanghai,
node/5285375992,Sher-E-Punjab,https://www.sherepunjab.fi/
node/9578634049,Siilinkarin talvikahvila,https://hikingtravelhit.fi/siilinkarin-talvikahvio/
node/1542113400,Siipiweikot,https://siipiweikot.fi/ravintolat/tampere/
node/6421276805,Siipiweikot Tampella,https://siipiweikot.fi/tampella/
way/206773183,Siivikkalan herkkupala,
node/11373910334,Sirpakka,
node/1157603577,Sitko Pizza & Bar,https://sitko.pizza/
node/2935696773,Social Burgerjoint,https://burgerjoint.fi
node/5363829348,Sodexo Hermia 5,https://www.sodexo.fi/ravintolat/ravintola-hermia-5
node/5363829347,Sodexo Hermia 6,https://www.sodexo.fi/ravintolat/tampere/hermia-6
node/4254257360,Sodexo Kulmasarvis,https://www.sodexo.fi/kulmasarvis
node/13104340018,Sorin Grillikioski,
node/13370059088,Sotto,https://www.sotto.fi/ravintolat/tampere-keskustori
node/6033821216,Speakeasy,https://www.speakeasy.fi/
node/3414969012,Speakeasy Hervanta,https://www.speakeasy.fi/hervanta/
node/4813244869,St1  HelmiSimpukka Tampere Sammonvaltatie,https://www.shellhelmisimpukka.fi/tampere-sammon-valtatie
node/2432261377,Star & Moonlight,
node/1411258687,Stefan's Steakhouse,
node/13104340015,Stefans at Arena,https://nokiaarena.fi/restaurant/stefans-at-arena/
node/139583177,Sticky Wingers,https://www.stickywingers.fi/
node/12544253834,Ståhlberg,
node/13514153847,Ståhlberg Lunch & Catering,https://stahlbergkahvilat.fi/stahlberg-catering-ja-pitopalvelut/
node/9547896175,Ståhlberg Tampella,https://www.stahlbergkahvilat.fi/stahlberg-tampella/
node/3088435679,Subham,https://subham.fi
node/11922079960,Subway,https://www.subway.com
node/1832766304,Subway,https://www.subway.fi/fi/ravintolat/tampere/tampere-turtola/
node/1949534899,Subway,https://www.subway.fi/
node/2432261378,Subway,https://www.subway.fi/fi/ravintolat/tampere/tampere-tammela
node/2441130564,Subway,https://www.subway.fi/fi/ravintolat/tampere/tampere-linnainmaa
node/2480800634,Subway,
node/2575654905,Subway,https://www.subway.fi/fi/ravintolat/tampere/tampere-keskustori
node/2584127649,Subway,
node/415909050,Subway,
node/480572942,Subway,
node/6903756277,Subway,https://www.subway.fi/fi/ravintolat/tampere/tampere-tays
node/8518684717,Subway,https://www.subway.fi/
node/9844718062,Subway,
way/1424287109,Subway,
node/2307852878,Sumer Pizzeria ja Kebab,
node/11922079964,Super Bowl,https://superbowl.fi
node/12084216465,Sushi Panda Tampere,https://www.sushipanda.fi/
node/12037513639,Taco Bell,
node/9583868321,Taco Bell,https://www.tacobell.fi/ravintolat/tacobelltampere/
node/1014234444,Taj Indian Restaurant,https://www.tajindianrestaurant.fi/
node/9603803418,Tallipihan kahvila,https://tallipihankahvila.fi/
node/3385994940,Talon Pizza,
way/129082813,Talvipuutarha Sommer,https://www.talvipuutarha.fi/
way/99556036,Tammelantorin Burger,
node/12103736933,Tammelantorin Herkkugrilli,
node/14075274641,Tammerin Kellari,https://www.raflaamo.fi/fi/ravintola/tampere/tammerin-kellari
node/12103736925,Tampereen Eurolohi,
node/13255560632,Tampereen Eurolohi,
node/14061602016,Tampereen salainen kahvila,
node/9502826931,Tampinkoski kitchen&bar,
node/693196957,Tapola Tammelantori,
node/9081775227,Tarboosh Café & Bistro,https://tarboosh.fi
node/13514214609,Tbilisi,https://tbilisi.fi/
node/2935815549,Thai & Laos Restaurant,https://www.thai-laos.fi/
node/3385972767,Thai Golden Chang,https://www.thaigoldenchang.fi
node/2968902704,The Everest Cuisine,
node/4803788624,Thé Hidden,https://thehidden.fi
node/13104330900,The Kitchen,
node/13104340004,The Kitchen,
node/13104340005,The Kitchen,
node/572025335,Tiiliholvi,https://tiiliholvi.fi/
node/13088752268,Tiinan Kotiruoka,https://tiinankotiruoka.fi/
node/6033821215,Tivoli,https://www.tivolibar.fi/
node/11049657941,TnT - Tacos 'n' Tequila,https://www.bonker.fi/tnt/
node/646615975,Toki Nuki,
node/12517848639,Tôtô Ravintola,
node/12082256436,Trattoria Il Centro,
node/5281834372,Tuhto,
way/224399427,Uittotunnelin kahvila,
node/12103736934,Ullan Grilli,
way/99789729,Uma's Take away,
node/11708080259,Umami,
node/4563019086,Uuno,https://uunopinza.fi
node/870330074,Vaakon nakki,https://www.vaakonnakki.fi/
node/9700148947,Vallaton Kahvila,
node/11619451906,Valtatie 30,https://www.compass-group.fi/ravintolat-ja-ruokalistat/foodco/kaupungit/tampere/valtatie-30/
node/12020624089,Vanha Ike,
way/115967857,Vaskitähti,https://www.ravintolavaskitahti.fi/
node/646615982,Veijon Kokkitykki,
node/8421446340,VG Wok,https://www.vgwok.fi/
node/12625700792,Via Tribunali Tampere,https://viatribunali.fi/tampere/
node/13108202635,Vihreä Vuohi,
node/888650316,Viialan kotileipomo,https://www.viialanleipomo.fi/
node/13615245820,Viikinsaaren terassi,https://www.viikinsaari.fi/ravintolatjaruoka
node/6654862788,Villit & Viinit,
way/89322096,Vohvelikahvila,https://www.vohvelikahvila.com/
node/10278807598,Whatever,https://restaurant-whatever.fi/
node/14170679389,Wigren Pata 2,
node/8705216865,Wok Around,
node/10181335252,Yak-Nak,https://www.yaknak.fi/
node/496832655,Yi Sushi,
node/13439442243,Yuki House,https://yukihouse.fi/tampere/
node/6461777044,Zafran,https://www.zafrantampere.com
node/12544253844,Zarillo,https://www.zarillo.fi/ravintolat/zarillo-pirkkala
node/1542107412,Zarillo,https://www.zarillo.fi/ravintolat/zarillo-otavalankatu
node/4778823744,Zarillo,https://www.zarillo.fi
node/7276457591,Zarillo,https://www.zarillo.fi/ravintolat/zarillo-puutarhakatu
node/6420400636,Zeytuun,https://zeytuun.com/
